archetype,mechanic_id,mechanic_name,pct_in_archetype,lift,weight
ramp,cast,cast,13.299937382592361,0.6676285297041195,10.867184483780335
ramp,flying,flying,6.437069505322479,0.3727897980876476,3.930250285374373
ramp,counter,counter,12.197871008140263,0.810488404390462,10.981393127315245
ramp,sacrifice,sacrifice,31.696931747025676,2.2455860799310936,47.498738818448594
ramp,create,create,21.69067000626174,1.5538635382562032,27.038301420060268
ramp,exile,exile,8.215403882279274,0.6099401014642521,6.416120514401755
ramp,destroy,destroy,3.0932999373825925,0.35490856363848045,1.842808777163289
ramp,discard,discard,7.96493425172198,1.2506812620536492,8.907493554783883
ramp,shuffle,shuffle,16.217908578584847,2.7289936768243774,26.791443437542874
ramp,haste,haste,3.656856606136506,0.6153406591758442,2.8685718825314637
ramp,trample,trample,2.730118973074515,0.4936171307343313,1.918124023848083
ramp,reveal,reveal,8.41577958672511,1.6878454678696038,10.93353736650389
ramp,tap,tap,3.656856606136506,0.7653420630597294,3.199158241554286
ramp,enchant,enchant,1.0018785222291797,0.21143919835248573,0.4606889742084736
ramp,activate,activate,9.793362554790232,2.1416715005706037,14.332048242091654
ramp,untap,untap,3.5065748278021287,0.8732136218258586,3.2767504054086825
ramp,vigilance,vigilance,2.229179711959925,0.5946351124312814,1.7189781520678908
ramp,first strike,first strike,1.0018785222291797,0.36581834317656453,0.6059653701921205
ramp,lifelink,lifelink,0.4383218534752661,0.16855320831822823,0.17995405431050704
ramp,flash,flash,0.4257983719474014,0.18639967914675248,0.18383431314700582
ramp,equip,equip,0.6136505948653725,0.2692802006765689,0.318436887760442
ramp,reach,reach,0.6136505948653725,0.27676020625091796,0.3228293281889994
ramp,indestructible,indestructible,1.928616155291171,0.8958072609919824,1.8253791665157484
ramp,play,play,2.6549780839073263,1.2770287277453651,3.000276456377003
ramp,deathtouch,deathtouch,1.0519724483406387,0.5120603797009466,0.7527745926737848
ramp,mill,mill,1.4151534126487164,0.7057703330263014,1.1888723385403404
ramp,scry,scry,5.19724483406387,2.7026782869125165,8.544179281335113
ramp,menace,menace,0.889167188478397,0.48337218967110956,0.6181932493809178
ramp,cycling,cycling,5.2348152786474635,2.9375676551752656,8.972124681007323
ramp,double,double,0.6136505948653725,0.3888564910030244,0.38266243961627033
ramp,protection,protection,0.2128991859737007,0.1414095747708772,0.08005959873601849
ramp,attach,attach,0.3506574827802129,0.2442334381732192,0.17329485638730463
ramp,treasure,treasure,12.811521603005636,9.15003130870382,38.75359562392824
ramp,defender,defender,0.7889793362554791,0.5918398074418283,0.6069706835346035
ramp,hexproof,hexproof,0.7639323731997496,0.6014567993867813,0.5924574076999505
ramp,regenerate,regenerate,0.30056355666875395,0.272119890221675,0.15678931574400332
ramp,flashback,flashback,0.10018785222291797,0.09150031308703821,0.030305842130149162
ramp,double strike,double strike,0.33813400125234816,0.3107557802956014,0.18849439967492398
ramp,ward,ward,0.3256105197244834,0.365439038442856,0.1968366192528614
ramp,landfall,landfall,7.326236693800876,9.150031308703818,22.16114705767157
ramp,kicker,kicker,0.33813400125234816,0.4643812882236901,0.23042319791671437
ramp,crew,crew,0.5635566687539135,0.8489719770962306,0.5192592849223618
ramp,landwalk,landwalk,0.06261740763932373,0.10997633784499784,0.02076561083757824
ramp,surveil,surveil,0.8265497808390733,1.4874435132375667,1.008066670747672
ramp,investigate,investigate,0.5510331872260488,1.0650830094787513,0.5686820029628064
ramp,food,food,0.7764558547276142,1.5415813617924912,0.9640509667669874
ramp,partner,partner,0.20037570444583594,0.3978274482045139,0.12638409828548525
ramp,fight,fight,0.3256105197244834,0.6535736649074156,0.26323625265942996
ramp,morph,morph,0.22542266750156542,0.4787807080135719,0.15597891891810106
ramp,shroud,shroud,0.07514088916718849,0.17596214055199658,0.03151998108068355
removal,cast,cast,18.565756226687522,0.9319614202614019,17.923037399738146
removal,flying,flying,9.397184454337625,0.5442188394001821,6.932414747497638
removal,counter,counter,19.359884490434364,1.2863688982580992,21.957633271865685
removal,sacrifice,sacrifice,15.19672722897365,1.076620267168139,15.76817182482133
removal,create,create,7.099025388039946,0.5085558308916194,5.062535112476422
removal,exile,exile,28.708939959090362,2.131451356804206,41.91359088034707
removal,destroy,destroy,47.08218024305138,5.4019556141615315,109.4289094922792
removal,discard,discard,4.295511972085189,0.6744960051933379,3.5278054329358577
removal,shuffle,shuffle,2.478642762603778,0.4170821652789494,1.6007545605920808
removal,haste,haste,2.201901094934424,0.3705147390584842,1.3402954765255948
removal,trample,trample,1.8048369630610035,0.32632220497927766,1.0310062314368067
removal,reveal,reveal,1.4919985561304294,0.299231102131643,0.8161533525612448
removal,tap,tap,2.3342558055588976,0.48853546812245696,1.6315353851278536
removal,enchant,enchant,0.44519311755504754,0.09395477974559341,0.1364607899931273
removal,activate,activate,3.020093851522079,0.6604523109061887,2.4543764275905517
removal,untap,untap,1.1911923956202624,0.2966328902563164,0.6487712020378227
removal,vigilance,vigilance,2.201901094934424,0.5873585239108938,1.6875220074183759
removal,first strike,first strike,1.1550956563590422,0.4217628882586742,0.7501569410508113
removal,lifelink,lifelink,1.2272891348814823,0.4719443476939249,0.8431256153560898
removal,flash,flash,2.671158705330285,1.1693401347366483,2.8884850238027955
removal,equip,equip,0.28877391408976055,0.1267188497606017,0.10279655736354237
removal,reach,reach,1.1671279027794488,0.5263818886467584,0.846776741979618
removal,indestructible,indestructible,1.239321381301889,0.5756423272858228,0.9402867202335362
removal,play,play,0.49332210323667425,0.23728500874773623,0.24030661446395302
removal,deathtouch,deathtouch,1.2633858741427024,0.6149684351931264,0.9907462319998185
removal,mill,mill,1.2754181205631092,0.6360810521686173,1.0172057638364178
removal,scry,scry,1.0227409457345686,0.531847129666938,0.7458629821660944
removal,menace,menace,1.1069666706774155,0.6017731090751787,0.8587187257185664
removal,cycling,cycling,1.1069666706774155,0.6211851448517972,0.8724590977895973
removal,double,double,0.21658043556732043,0.13724211937428563,0.08023482890085504
removal,protection,protection,0.4572253639754542,0.3036932433467146,0.2519694448741325
removal,attach,attach,0.2647094212489472,0.18437049041669998,0.11366195035806048
removal,treasure,treasure,0.7219347852244015,0.5156082229995156,0.5183915163411531
removal,defender,defender,0.2767416676693539,0.20759318752490763,0.12609013288020407
removal,hexproof,hexproof,0.40909637829382745,0.3220884556819172,0.232173802521807
removal,regenerate,regenerate,0.2286126819877271,0.2069780468905738,0.10400697394731401
removal,flashback,flashback,1.7206112381181569,1.5714127361328363,2.1568894665710525
removal,double strike,double strike,0.21658043556732043,0.19904423099188845,0.09662600413933499
removal,ward,ward,0.37299963903260736,0.41862477153055894,0.24133531260540805
removal,landfall,landfall,0.15641920346528695,0.19535822671426087,0.06913626637121745
removal,kicker,kicker,1.5641920346528697,2.1482060644331322,2.2925986858724454
removal,crew,crew,0.16845144988569366,0.2537642944948131,0.08485745666885484
removal,landwalk,landwalk,0.2647094212489472,0.4649150106901882,0.18049126249493805
removal,surveil,surveil,0.6858380459631813,1.2342213091676826,0.7619352980721977
removal,investigate,investigate,0.36096739261220073,0.6977079525509318,0.3015121440556473
removal,food,food,0.348935146191794,0.6927784941905175,0.29043029390349434
removal,partner,partner,0.10829021778366021,0.2150002223349882,0.05021213428856168
removal,fight,fight,0.25267717482854046,0.5071800116620234,0.17994802194754655
removal,morph,morph,0.3369028997713873,0.7155562955231649,0.2849880518453725
removal,shroud,shroud,0.0,0.0,0.0
board_wipe,cast,cast,14.039917412250515,0.7047739511448021,11.786625236974754
board_wipe,flying,flying,9.153475567790778,0.5301049345351122,6.664490452480136
board_wipe,counter,counter,8.8093599449415,0.5853385464325762,6.739814098325417
board_wipe,sacrifice,sacrifice,9.704060564349621,0.6874893600437083,8.046119695903974
board_wipe,create,create,10.461114934618031,0.7494072364623956,9.056010447365084
board_wipe,exile,exile,9.704060564349621,0.7204631409542489,8.236816330248814
board_wipe,destroy,destroy,84.44597384721266,9.688875922108823,262.8546386849765
board_wipe,discard,discard,3.4411562284927735,0.5403421395279765,2.529524027647902
board_wipe,shuffle,shuffle,0.8258774948382657,0.13897072179955827,0.30787702996833155
board_wipe,haste,haste,2.684101858224363,0.4516548458485644,1.8038579293936217
board_wipe,trample,trample,0.9635237439779766,0.17420919402688173,0.40215915262468277
board_wipe,reveal,reveal,1.3764624913971095,0.27605950867127915,0.7232121883275575
board_wipe,tap,tap,2.202339986235375,0.4609268588207253,1.4952037304449215
board_wipe,enchant,enchant,0.06882312456985547,0.014524621462875071,0.008294434789063321
board_wipe,activate,activate,2.684101858224363,0.5869755584179785,2.056406659195425
board_wipe,untap,untap,1.5141087405368203,0.3770461039871905,0.9297245422307338
board_wipe,vigilance,vigilance,0.5505849965588437,0.14686889961145966,0.2110033221895941
board_wipe,first strike,first strike,0.41293874741913283,0.15077732984849626,0.16034434950175044
board_wipe,lifelink,lifelink,0.4817618719889883,0.1852577244901655,0.20735790117077818
board_wipe,flash,flash,0.8947006194081212,0.39166873191021906,0.5599344508360974
board_wipe,equip,equip,0.13764624913971094,0.06040148889426247,0.03382892548419007
board_wipe,reach,reach,0.20646937370956642,0.0931189620453213,0.06300495469977246
board_wipe,indestructible,indestructible,1.5829318651066757,0.7352431713940817,1.3573058520101358
board_wipe,play,play,0.27529249827942187,0.13241406057794206,0.1001754792682008
board_wipe,deathtouch,deathtouch,0.5505849965588437,0.26800394139626116,0.28503288145538497
board_wipe,mill,mill,1.5141087405368203,0.7551216853914109,1.315726245027491
board_wipe,scry,scry,0.3441156228492774,0.17894747154616908,0.145568421684601
board_wipe,menace,menace,0.5505849965588437,0.29931094943138986,0.301221297547942
board_wipe,cycling,cycling,2.821748107364074,1.5834514744112236,3.5507543012009455
board_wipe,double,double,0.41293874741913283,0.261669936710183,0.21123338117440874
board_wipe,protection,protection,0.0,0.0,0.0
board_wipe,attach,attach,0.13764624913971094,0.09587080935075977,0.042619424225145495
board_wipe,treasure,treasure,0.6882312456985548,0.491537043054482,0.4825168811244953
board_wipe,defender,defender,0.13764624913971094,0.10325305853074641,0.044229888433357956
board_wipe,hexproof,hexproof,0.3441156228492774,0.2709280145715167,0.17911474835128102
board_wipe,regenerate,regenerate,0.6194081211286993,0.5607907751428272,0.46384974869001344
board_wipe,flashback,flashback,0.0,0.0,0.0
board_wipe,double strike,double strike,0.41293874741913283,0.37950369437338494,0.25438625399133413
board_wipe,ward,ward,0.27529249827942187,0.30896614134853145,0.15302057217500323
board_wipe,landfall,landfall,0.0,0.0,0.0
board_wipe,kicker,kicker,0.6194081211286993,0.8506732246997397,0.5712921766950012
board_wipe,crew,crew,0.0,0.0,0.0
board_wipe,landwalk,landwalk,0.0,0.0,0.0
board_wipe,surveil,surveil,0.20646937370956642,0.37155841998379435,0.1258546291071648
board_wipe,investigate,investigate,0.27529249827942187,0.5321083545446932,0.2008141983652947
board_wipe,food,food,0.4817618719889883,0.9564936862263981,0.4711654965121569
board_wipe,partner,partner,0.0,0.0,0.0
board_wipe,fight,fight,0.0,0.0,0.0
board_wipe,morph,morph,0.27529249827942187,0.584700459354343,0.21050435956518435
board_wipe,shroud,shroud,0.0,0.0,0.0
card_draw,cast,cast,18.81847961143115,0.9446475959120538,18.29024170381061
card_draw,flying,flying,14.017847057494635,0.8118151233051129,12.63019006421329
card_draw,counter,counter,15.03445159832825,0.9989652029180219,15.026670781594088
card_draw,sacrifice,sacrifice,20.783915057042808,1.4724475766631617,25.220127603554182
card_draw,create,create,16.288263865356374,1.166849125202993,17.594711440205508
card_draw,exile,exile,8.62984299107647,0.6407094994990551,6.907700126159049
card_draw,destroy,destroy,4.71026770586242,0.540430730831385,3.4627059169038015
card_draw,discard,discard,29.617078956286,4.650575198330376,63.86980036725893
card_draw,shuffle,shuffle,3.524229074889868,0.5930233737878361,2.713938709011809
card_draw,haste,haste,4.47305997966791,0.7526835128845613,3.8807076190775107
card_draw,trample,trample,3.9082796792047896,0.7066336010931441,3.285358575695279
card_draw,reveal,reveal,2.417259685982153,0.48479891418312937,1.6830775547884
card_draw,tap,tap,4.0551225573252,0.8486949854077659,3.7357671805129082
card_draw,enchant,enchant,3.01592680447306,0.636489486179131,2.406115186578153
card_draw,activate,activate,4.258443465491924,0.9312620620150747,4.109479718772557
card_draw,untap,untap,2.880379532361911,0.7172773339228299,2.439457576262225
card_draw,vigilance,vigilance,2.45114650400994,0.6538448960294934,1.9820136385186267
card_draw,first strike,first strike,0.9149440867502542,0.3340757611705838,0.5288311612811533
card_draw,lifelink,lifelink,1.8185925674912458,0.6993254145190152,1.52081037813025
card_draw,flash,flash,2.2930080198802667,1.0037989512073813,2.297359403916705
card_draw,equip,equip,1.5700892352874731,0.6889815603471992,1.3032512057905015
card_draw,reach,reach,1.3893595391392748,0.6266097284452644,1.0997987300053946
card_draw,indestructible,indestructible,1.739523325426409,0.8079770675500937,1.5636148050943028
card_draw,play,play,1.6943409013893593,0.8149679346820985,1.5295759822969257
card_draw,deathtouch,deathtouch,1.9202530215746076,0.9347065057648605,1.8565048575732441
card_draw,mill,mill,2.225234383824692,1.1097767903439144,2.3441941663939434
card_draw,scry,scry,3.3096125607138824,1.7210691994550775,4.341865063941587
card_draw,menace,menace,2.134869535750593,1.160565274483226,2.2998850270416984
card_draw,cycling,cycling,11.758725855642155,6.5985237111427235,30.205334955446993
card_draw,double,double,0.39534621032418393,0.25052194418834217,0.19787934622875442
card_draw,protection,protection,0.7229187845927935,0.48016922871548423,0.5009411083757823
card_draw,attach,attach,0.5760759064723823,0.4012376926081188,0.3649056384137998
card_draw,treasure,treasure,2.191347565796905,1.5650677145632381,2.7414342353625876
card_draw,defender,defender,1.0053089348243534,0.7541158799288679,0.8730087276991603
card_draw,hexproof,hexproof,0.8358748446854174,0.658098316565201,0.6780889159361315
card_draw,regenerate,regenerate,0.15813848412967355,0.1431731358855804,0.05983679726932021
card_draw,flashback,flashback,0.881057268722467,0.8046585903083702,0.7903327241290333
card_draw,double strike,double strike,0.3840506043149215,0.35295458242844163,0.22816439046768894
card_draw,ward,ward,0.598667118490907,0.671895786149019,0.4907229439534731
card_draw,landfall,landfall,0.7003275725742686,0.874667238205022,0.6549718805979061
card_draw,kicker,kicker,0.6099627245001694,0.8377012507548097,0.5582746109001968
card_draw,crew,crew,0.9601265107873038,1.4463860465495417,1.1547037420262503
card_draw,landwalk,landwalk,0.2597989382130351,0.4562906207369949,0.17549233103418369
card_draw,surveil,surveil,0.8019880266576301,1.4432426401893208,0.9634685887584905
card_draw,investigate,investigate,3.5694114989269172,6.899256940372946,9.375572099727945
card_draw,food,food,0.23720772619451033,0.47095402442797574,0.16278638793466293
card_draw,partner,partner,0.6212583305094319,1.2334510163589842,0.6899747199326605
card_draw,fight,fight,0.19202530215746075,0.38543803987721303,0.11921632889733523
card_draw,morph,morph,0.21461651417598554,0.455829255094187,0.1448986149239597
card_draw,shroud,shroud,0.12425166610188637,0.29096793206417065,0.06702314219649738
tutor,cast,cast,20.24922118380062,1.0164677755767948,20.41527017591066
tutor,flying,flying,5.919003115264798,0.34278703599444504,3.4654589831699374
tutor,counter,counter,7.165109034267912,0.47608617803811976,4.94385346800519
tutor,sacrifice,sacrifice,25.33748701973001,1.795047817436763,33.94701171303706
tutor,create,create,8.09968847352025,0.580240748054525,6.169819058803515
tutor,exile,exile,11.007268951194185,0.8172178552800535,9.950582426987362
tutor,destroy,destroy,0.6230529595015576,0.07148573866215814,0.16658452998302434
tutor,discard,discard,7.78816199376947,1.2229238765329438,8.612608149191479
tutor,shuffle,shuffle,100.0,16.82703823122985,410.20773068324604
tutor,haste,haste,2.0768431983385254,0.3494711989871204,1.2277484754903036
tutor,trample,trample,3.8421599169262723,0.6946788666428712,3.2023402977177584
tutor,reveal,reveal,41.53686396677051,8.330518506736627,119.88634527529665
tutor,tap,tap,1.9730010384215992,0.4129286017479155,1.2678410132879627
tutor,enchant,enchant,0.726895119418484,0.1534059448586733,0.2847035273203067
tutor,activate,activate,4.361370716510903,0.9537708131111526,4.259366564138522
tutor,untap,untap,0.20768431983385255,0.051717925903274606,0.047230686525011674
tutor,vigilance,vigilance,0.5192107995846313,0.1384998125230081,0.19322722193085418
tutor,first strike,first strike,0.726895119418484,0.2654129840583343,0.37448362775355276
tutor,lifelink,lifelink,0.726895119418484,0.2795217795266984,0.3843081363056544
tutor,flash,flash,0.5192107995846313,0.22729238256472092,0.2475347397825889
tutor,equip,equip,0.0,0.0,0.0
tutor,reach,reach,1.0384215991692627,0.46833455123520884,0.7106435397158404
tutor,indestructible,indestructible,0.0,0.0,0.0
tutor,play,play,0.5192107995846313,0.24973731830185597,0.2594689767725372
tutor,deathtouch,deathtouch,1.9730010384215992,0.960382244305112,1.9335231440988971
tutor,mill,mill,0.726895119418484,0.3625197140619296,0.4376607167684872
tutor,scry,scry,0.9345794392523363,0.4860012638440815,0.6515307558597276
tutor,menace,menace,1.0384215991692627,0.5645103965781536,0.7802067175302292
tutor,cycling,cycling,0.10384215991692627,0.05827204093709972,0.025067084642394086
tutor,double,double,0.3115264797507788,0.19740727831770297,0.1384128936373946
tutor,protection,protection,0.0,0.0,0.0
tutor,attach,attach,0.0,0.0,0.0
tutor,treasure,treasure,1.6614745586708204,1.186630651810031,1.809887067162415
tutor,defender,defender,1.2461059190031152,0.9347457572908071,1.2047632468253209
tutor,hexproof,hexproof,0.3115264797507788,0.24527003437533568,0.1542826939629977
tutor,regenerate,regenerate,0.8307372793354102,0.7521209149948337,0.7204561164320236
tutor,flashback,flashback,0.9345794392523363,0.8535397196261681,0.8634319007547462
tutor,double strike,double strike,0.3115264797507788,0.28630263132114653,0.16668926720178623
tutor,ward,ward,0.0,0.0,0.0
tutor,landfall,landfall,0.0,0.0,0.0
tutor,kicker,kicker,1.0384215991692627,1.4261315281974407,1.2400908510819544
tutor,crew,crew,0.0,0.0,0.0
tutor,landwalk,landwalk,0.0,0.0,0.0
tutor,surveil,surveil,0.0,0.0,0.0
tutor,investigate,investigate,1.2461059190031152,2.4085776920667885,1.9339056790999882
tutor,food,food,0.0,0.0,0.0
tutor,partner,partner,0.0,0.0,0.0
tutor,fight,fight,0.0,0.0,0.0
tutor,morph,morph,0.0,0.0,0.0
tutor,shroud,shroud,0.0,0.0,0.0
protection,cast,cast,13.064295485636116,0.6557998083593484,10.57965820695036
protection,flying,flying,19.151846785225718,1.1091402835042379,20.16990711359812
protection,counter,counter,17.259461924304606,1.1468061718583735,18.482991463774056
protection,sacrifice,sacrifice,10.693114455084359,0.757559411841199,9.307061088115496
protection,create,create,9.507523939808483,0.6810944422141653,7.8464117738310994
protection,exile,exile,8.823529411764707,0.6550894516936945,7.14155262676047
protection,destroy,destroy,7.751937984496124,0.8894155856803396,7.310762196681059
protection,discard,discard,4.514363885088919,0.7088608823044308,3.800817949600585
protection,shuffle,shuffle,2.4167806657546738,0.4066726065915102,1.5412024744354738
protection,haste,haste,8.504331965344278,1.4310271911191825,10.173353780159475
protection,trample,trample,8.846329229366164,1.5994539779390746,11.187910215550165
protection,reveal,reveal,2.7815777473780208,0.5578655365267097,2.077571455164677
protection,tap,tap,4.582763337893296,0.9591247142838668,4.4881252782568835
protection,enchant,enchant,4.172366621067032,0.8805477251155994,3.9152447158821926
protection,activate,activate,1.68718650250798,0.3689641048570504,1.024837836696008
protection,untap,untap,3.032375740994072,0.7551277053996246,2.635076427524916
protection,vigilance,vigilance,7.637938896488829,2.037425080665072,10.902271766358677
protection,first strike,first strike,5.813953488372093,2.1228629871110956,8.470958139311534
protection,lifelink,lifelink,6.110351117191063,2.34968728250174,9.366367629949945
protection,flash,flash,2.5079799361605106,1.0979061598304098,2.6278868922107823
protection,equip,equip,7.3187414500684,3.21158682622431,13.11584389233181
protection,reach,reach,3.2375740994072046,1.4601659038579542,3.9121979266259848
protection,indestructible,indestructible,35.8641130870953,16.658230734154124,146.37756956032678
protection,play,play,0.5015959872321021,0.24126469792718286,0.24637744296649913
protection,deathtouch,deathtouch,2.941176470588235,1.4316534075322334,3.51916823238911
protection,mill,mill,1.0259917920656634,0.5116862682845976,0.7339150059908219
protection,scry,scry,1.4819881440948472,0.7706654788042835,1.3010011549944636
protection,menace,menace,3.032375740994072,1.648470749734002,3.8933516959092684
protection,cycling,cycling,0.8891928864569083,0.49897926162212813,0.6281121982455669
protection,double,double,3.488372093023256,2.210502430464511,5.1864273864441115
protection,protection,protection,25.079799361605108,16.658230734154127,102.36193675547328
protection,attach,attach,2.667578659370725,1.8579723507111845,3.636108699946851
protection,treasure,treasure,0.4103967168262654,0.29310669913467674,0.22218603050068952
protection,defender,defender,1.094391244870041,0.8209395022991767,0.9915809780286062
protection,hexproof,hexproof,21.158230734154127,16.658230734154127,86.35625209916292
protection,regenerate,regenerate,0.364797081623347,0.3302747109621636,0.209647175600573
protection,flashback,flashback,0.15959872321021432,0.1457595189238486,0.06093234267043694
protection,double strike,double strike,3.123575011399909,2.870663661105805,5.292283439209954
protection,ward,ward,14.84268125854993,16.658230734154124,60.57965529801191
protection,landfall,landfall,0.22799817601459188,0.2847560809257116,0.12166562073783423
protection,kicker,kicker,0.45599635202918376,0.6262492757200799,0.36085687731401506
protection,crew,crew,0.1823985408116735,0.27477493994481034,0.09561145350109758
protection,landwalk,landwalk,0.3875968992248062,0.6807450059630293,0.31979563088412355
protection,surveil,surveil,0.31919744642042863,0.5744217494535906,0.2419217113379259
protection,investigate,investigate,0.3419972640218878,0.6610409021489733,0.27805889844777154
protection,food,food,0.615595075239398,1.2222071462558732,0.6805617650900151
protection,partner,partner,0.5015959872321021,0.9958724895418226,0.5005597455102824
protection,fight,fight,0.9803921568627451,1.967867916397328,1.375301133149011
protection,morph,morph,0.3875968992248062,0.8232265188390121,0.3516737642446436
protection,shroud,shroud,7.113543091655266,16.658230734154127,29.033567516097875
finisher,cast,cast,26.074795400393658,1.3088991936372119,29.831425688075146
finisher,flying,flying,29.845643841292862,1.728449806576078,39.23822365116977
finisher,counter,counter,10.007251631617114,0.664932544526047,8.160252835305858
finisher,sacrifice,sacrifice,10.463068476121414,0.7412616814417327,9.008341524402018
finisher,create,create,17.12421009012742,1.226734152186469,18.966437990373386
finisher,exile,exile,15.528851134362373,1.1529158118381446,16.673935776121343
finisher,destroy,destroy,10.421630581166477,1.1957217260549093,11.395955238085957
finisher,discard,discard,6.547187402879934,1.028061795006698,6.6384147454969265
finisher,shuffle,shuffle,5.894540557339687,0.9918765931388982,5.870549860839101
finisher,haste,haste,7.520977934320936,1.265557832370545,8.460875654794789
finisher,trample,trample,12.866466383507719,2.3263118866078307,19.624258661397263
finisher,reveal,reveal,5.335128975448048,1.0699987052790576,5.518696985264852
finisher,tap,tap,5.594115818916399,1.1707902723502974,6.053004633053061
finisher,enchant,enchant,1.4606857971615044,0.30826714730794624,0.8109992044941758
finisher,activate,activate,2.7659794882419972,0.6048810516295272,2.1512156328016525
finisher,untap,untap,3.719051072205532,0.9261248414742768,3.5790429415853198
finisher,vigilance,vigilance,5.376566870402984,1.4342026478724104,6.438879708368851
finisher,first strike,first strike,2.424116854863773,0.8851236869910637,2.280633675684491
finisher,lifelink,lifelink,2.755620014503263,1.0596519216823783,2.8366185946988614
finisher,flash,flash,1.7818294830622603,0.7800228131874052,1.5736922028130023
finisher,equip,equip,0.5076142131979695,0.22274965320650603,0.23957543872203044
finisher,reach,reach,3.273593701439967,1.4764109667179524,3.977666865893634
finisher,indestructible,indestructible,2.6416658033771885,1.2270059033194376,2.9261810961805743
finisher,play,play,1.9372215891432714,0.9317921064356474,1.8699879752956496
finisher,deathtouch,deathtouch,2.23764632756656,1.0892015565023023,2.335315552502251
finisher,mill,mill,2.258365275044028,1.1262999460105243,2.3967416282189435
finisher,scry,scry,0.6733657930177147,0.3501645902865003,0.39846223245795154
finisher,menace,menace,2.3101626437376983,1.2558587294598769,2.5888861445434417
finisher,cycling,cycling,3.5429400186470525,1.9881553500953115,4.995614965548667
finisher,double,double,1.875064746710867,1.1881860848997057,2.0438946160418654
finisher,protection,protection,1.4192479022065678,0.9426773588992587,1.377970116046117
finisher,attach,attach,0.4143789495493629,0.2886155308953775,0.22261659403543835
finisher,treasure,treasure,1.2534963223868227,0.8952512395166025,1.1860296045690222
finisher,defender,defender,0.35222210711695845,0.2642135915019131,0.18104819030785638
finisher,hexproof,hexproof,1.5124831658551745,1.1908034218413428,1.6504812180720134
finisher,regenerate,regenerate,1.0566663213508753,0.9566692867020943,1.0335197526375273
finisher,flashback,flashback,0.5490521081529058,0.501442427224697,0.388798071334669
finisher,double strike,double strike,1.2742152698642908,1.1710439026678576,1.3788892755153352
finisher,ward,ward,1.8439863254946647,2.0695418264150027,2.6527406970897927
finisher,landfall,landfall,1.2120584274318864,1.513788459546255,1.4912695514436776
finisher,kicker,kicker,0.22790842225214958,0.3130013732144512,0.12750684391051773
finisher,crew,crew,0.5179736869367036,0.7803033296630181,0.45755091502444584
finisher,landwalk,landwalk,0.55941158189164,0.9825069328785792,0.5544970824760603
finisher,surveil,surveil,0.23826789599088366,0.4287824454379786,0.1560213488694817
finisher,investigate,investigate,0.09323526364860665,0.18021291185074464,0.039579759890277046
finisher,food,food,0.290065264684554,0.5758977835230318,0.2201245234040818
finisher,partner,partner,0.6008494768465762,1.1929311230119943,0.6562561283208753
finisher,fight,fight,0.8391173728374599,1.6842975992204212,1.0890106513194504
finisher,morph,morph,0.8701957940536621,1.848230095957637,1.183027932285504
finisher,shroud,shroud,0.4454573707655651,1.043155508982195,0.45496781726168956
utility,cast,cast,33.700021155066636,1.6916692859173026,43.831658688593485
utility,flying,flying,10.789083985614555,0.6248278719411511,8.528345198716988
utility,counter,counter,13.89887878146816,0.9235119865500256,13.356757328369534
utility,sacrifice,sacrifice,6.621535857837952,0.4691062487939633,4.5351780734764455
utility,create,create,15.845144912206473,1.1351052286700083,16.88162611360327
utility,exile,exile,25.766871165644172,1.9130219570932427,35.6386843727701
utility,destroy,destroy,16.69134757774487,1.9150752639333755,23.098529052710436
utility,discard,discard,30.61138142585149,4.8067039783300824,67.11299454698425
utility,shuffle,shuffle,9.3928495874762,1.5805383910865352,11.808640261202466
utility,haste,haste,4.019462661307383,0.676356518708202,3.3056421589000284
utility,trample,trample,4.63295959382272,0.8376588141634977,4.240256161246381
utility,reveal,reveal,7.890839856145547,1.58256500798672,9.92667970034291
utility,tap,tap,3.8713771948381637,0.8102389916541414,3.4847534523556205
utility,enchant,enchant,0.6134969325153374,0.1294740796659968,0.22075157554945732
utility,activate,activate,1.0365982652845358,0.22668955120168824,0.49354440057252874
utility,untap,untap,2.6866934630844086,0.6690452777550653,2.197585968718673
utility,vigilance,vigilance,2.34821239686905,0.6263871571830718,1.8584838816776104
utility,first strike,first strike,1.3539242648614342,0.49436166198686143,0.9519557545054567
utility,lifelink,lifelink,2.3270573302305904,0.8948515248349348,2.2013169320154846
utility,flash,flash,1.9885762640152318,0.8705293443843313,1.8553846484074077
utility,equip,equip,0.40194626613073836,0.17638078103489574,0.1688082351062369
utility,reach,reach,1.2269938650306749,0.5533818071650383,0.9127562804485488
utility,indestructible,indestructible,2.4962978633382695,1.1594851289833694,2.6879983418544047
utility,play,play,2.6655383964459487,1.2821081755071122,3.0181948767569278
utility,deathtouch,deathtouch,0.8885127988153163,0.4324944078603828,0.5843242849777939
utility,mill,mill,1.2693039983075947,0.6330317954153433,1.0099000880419813
utility,scry,scry,1.3750793314998944,0.7150706135044611,1.1627924940091345
utility,menace,menace,1.4808546646921938,0.8050274134405191,1.3286719680993768
utility,cycling,cycling,27.543896763274805,15.456526338057964,108.28824893777859
utility,double,double,1.459699598053734,0.9249785926504767,1.403877873850198
utility,protection,protection,0.5288766659614977,0.35128468950131736,0.3134613627035446
utility,attach,attach,0.14808546646921938,0.10314173914814656,0.047558665825933044
utility,treasure,treasure,2.115506663845991,1.5109018903282467,2.6003543303035923
utility,defender,defender,0.16924053310767928,0.12695298840294017,0.06030118530277203
utility,hexproof,hexproof,0.5923418658768775,0.4663607084758869,0.404513859206312
utility,regenerate,regenerate,0.7192722657076369,0.6512043314671261,0.5804328117421805
utility,flashback,flashback,16.924053310767928,15.456526338057966,66.53655848711433
utility,double strike,double strike,1.1000634651999153,1.0109929177094517,1.1060933924444825
utility,ward,ward,0.5923418658768775,0.6647968317444285,0.48296637959320293
utility,landfall,landfall,0.7404273323460969,0.924749439029109,0.712023750444885
utility,kicker,kicker,11.254495451660674,15.456526338057966,44.24681139393104
utility,crew,crew,0.42310133276919826,0.6373825294044522,0.3377881975054015
utility,landwalk,landwalk,0.1903955997461392,0.3343960025060618,0.11010003212156008
utility,surveil,surveil,0.40194626613073836,0.7233349764115797,0.34185169017650135
utility,investigate,investigate,0.16924053310767928,0.3271222505409093,0.09679644944414535
utility,food,food,0.2538607996615189,0.5040171631975423,0.1802263579844048
utility,partner,partner,0.12693039983075946,0.25200858159877115,0.06371963993966345
utility,fight,fight,1.4808546646921938,2.9724089111649934,2.553093471171898
utility,morph,morph,0.06346519991537973,0.13479528783190084,0.02330091671803376
utility,shroud,shroud,0.10577533319229956,0.2477007425970828,0.052643900101691836
aristocrats,cast,cast,12.203770973879951,0.6126033106592862,9.551766966395718
aristocrats,flying,flying,13.224355647811798,0.7658616809575723,11.573099598293268
aristocrats,counter,counter,17.21155509427435,1.1436229991387474,18.406090444849195
aristocrats,sacrifice,sacrifice,89.19737069711123,6.319235426396817,224.22514858497385
aristocrats,create,create,26.19788963847085,1.8767491034960249,35.88966601294719
aristocrats,exile,exile,10.16260162601626,0.7545068210564231,8.827474805869215
aristocrats,destroy,destroy,7.611139941186646,0.8732611770146355,7.11249187996037
aristocrats,discard,discard,4.947240961771319,0.7768327238123746,4.360404906426184
aristocrats,shuffle,shuffle,11.330219685175576,1.9065403981068245,15.64448735774461
aristocrats,haste,haste,6.235945338176786,1.0493249061336034,6.387887959956354
aristocrats,trample,trample,4.324511330219686,0.7818900552334592,3.8239295635355424
aristocrats,reveal,reveal,2.975263795191143,0.5967106743564383,2.298303513402412
aristocrats,tap,tap,1.8335928040131466,0.3837519078762891,1.1358687978782522
aristocrats,enchant,enchant,1.9979242345614945,0.42164742446495224,1.2973397974514553
aristocrats,activate,activate,6.798131811105346,1.4866564038155938,8.288861518524572
aristocrats,untap,untap,1.6692613734647983,0.4156824939654348,1.0762302914534954
aristocrats,vigilance,vigilance,1.8335928040131466,0.4891120519883626,1.282351481841173
aristocrats,first strike,first strike,0.9167964020065733,0.3347521015482572,0.5304379113419284
aristocrats,lifelink,lifelink,1.3405985123681023,0.5155165742586877,0.9625427994474247
aristocrats,flash,flash,0.9513924926483307,0.4164864571022468,0.6139883943066368
aristocrats,equip,equip,0.9254454246670126,0.40610101539006577,0.5897498652585801
aristocrats,reach,reach,1.1416709911779968,0.5149006643730739,0.8192240478142689
aristocrats,indestructible,indestructible,2.144957619788964,0.9962939515234652,2.1409792719204694
aristocrats,play,play,1.9546791212592975,0.9401890759484401,1.8953223089653208
aristocrats,deathtouch,deathtouch,1.6000691921812835,0.7788531338330521,1.4121035642234432
aristocrats,mill,mill,1.7038574641065558,0.8497538423209371,1.5706514863223333
aristocrats,scry,scry,1.1070749005362395,0.5757025868888204,0.8399938281127758
aristocrats,menace,menace,2.214149801072479,1.203663890742251,2.4291795498281035
aristocrats,cycling,cycling,0.3978550423802111,0.2232602377989659,0.18798818642289505
aristocrats,double,double,0.4843452689846047,0.3069186330253441,0.2683284300017972
aristocrats,protection,protection,0.5708354955889984,0.37915412558380895,0.35149476681056147
aristocrats,attach,attach,0.6054315862307559,0.4216839655364892,0.39315030656608074
aristocrats,treasure,treasure,4.54073689673067,3.2430093830482205,8.177121315523777
aristocrats,defender,defender,0.700570835495589,0.5255216319693452,0.5078639107768775
aristocrats,hexproof,hexproof,0.6573257221933921,0.5175235909549117,0.47287429088345956
aristocrats,regenerate,regenerate,0.9167964020065733,0.8300358800471657,0.8352593257238313
aristocrats,flashback,flashback,0.5535374502681197,0.5055388341117455,0.39357206930777694
aristocrats,double strike,double strike,0.27676872513405987,0.2543591618172304,0.13958562834386512
aristocrats,ward,ward,0.6486766995329528,0.7280225145618452,0.5534784340573411
aristocrats,landfall,landfall,0.46704722366372603,0.5833140393597063,0.3567073099978123
aristocrats,kicker,kicker,0.2940667704549386,0.4038609107095711,0.18687958549008543
aristocrats,crew,crew,0.2854177477944992,0.4299685960228762,0.18715409895002819
aristocrats,landwalk,landwalk,0.19892752119010554,0.3493808048248241,0.11758296071567417
aristocrats,surveil,surveil,0.5102923369659228,0.9183125373335275,0.48900613009983784
aristocrats,investigate,investigate,2.914720636568068,5.6338157108352585,6.918281897305988
aristocrats,food,food,2.6293028887735685,5.220237960936501,6.00738919114843
aristocrats,partner,partner,0.40650406504065045,0.8070762636974196,0.36519277790903687
aristocrats,fight,fight,0.3632589517384536,0.7291425491996327,0.3101862529212995
aristocrats,morph,morph,0.25082165715274174,0.5327262423415922,0.18306995647697294
aristocrats,shroud,shroud,0.3546099290780142,0.8304123476995818,0.32314526064346344
tokens,cast,cast,16.888765500647786,0.847780057556736,15.550326203784904
tokens,flying,flying,20.56265037941884,1.190844106429517,22.439157517885715
tokens,counter,counter,13.325930038867295,0.8854423667058577,12.539426611743918
tokens,sacrifice,sacrifice,26.14288358319452,1.852106567670844,35.57840502635782
tokens,create,create,94.38275032389414,6.76133629465112,245.4194040983033
tokens,exile,exile,15.685730149916713,1.164563054510075,16.92724356894132
tokens,destroy,destroy,4.867666111419582,0.558489775594612,3.6377126837581315
tokens,discard,discard,5.469183786785119,0.8587899742400196,5.068343028715349
tokens,shuffle,shuffle,2.8872848417545804,0.4858445241665475,2.0125111118282017
tokens,haste,haste,9.281880436794374,1.5618655696764334,11.599994824278554
tokens,trample,trample,5.783823801591708,1.0457399614345333,5.914620800562348
tokens,reveal,reveal,1.7212659633536922,0.34521233895281583,1.011325915243525
tokens,tap,tap,3.6738848787710534,0.7689059034593224,3.2215297123126243
tokens,enchant,enchant,2.008143623912641,0.423804152495463,1.3073063614189655
tokens,activate,activate,5.4506755506200255,1.1919865541902153,5.950946005880727
tokens,untap,untap,1.489913011290024,0.3710208396178699,0.9075280659368102
tokens,vigilance,vigilance,5.108273181565797,1.3626351349570711,5.962987596070618
tokens,first strike,first strike,1.7582824356838795,0.6420059450193468,1.4088286101368825
tokens,lifelink,lifelink,3.6831389968536,1.4163220238269187,4.383278982963793
tokens,flash,flash,0.90690357208958,0.397010759062798,0.5714289653235155
tokens,equip,equip,2.8132518970942066,1.234502242386751,3.125752318415395
tokens,reach,reach,1.9988895058300944,0.9015115059534826,1.897904803321186
tokens,indestructible,indestructible,1.7675365537664263,0.8209887045634864,1.6015370682343526
tokens,play,play,1.8600777345918935,0.8946863694699639,1.7594077662899659
tokens,deathtouch,deathtouch,2.729964834351286,1.328843575564344,3.1469800034473647
tokens,mill,mill,1.3973718304645566,0.6969022392439037,1.1665353772420808
tokens,scry,scry,1.4436424208772902,0.750724883961263,1.2508350461488258
tokens,menace,menace,3.1001295576531556,1.6853033174911645,4.024564403984955
tokens,cycling,cycling,0.6848047381084582,0.3842848585285582,0.4245153446186696
tokens,double,double,1.0919859337405147,0.691966767362387,0.9083634744429394
tokens,protection,protection,0.518230612622617,0.3442134840913297,0.3040443962067505
tokens,attach,attach,2.008143623912641,1.3986749055665328,2.374942843537554
tokens,treasure,treasure,9.466962798445309,6.76133629465112,24.616535973386043
tokens,defender,defender,0.8051082731815657,0.6039386628692479,0.6256777425850074
tokens,hexproof,hexproof,0.8421247455117526,0.6630189685487627,0.6857082992690076
tokens,regenerate,regenerate,0.1943364797334814,0.17594555413590274,0.08151611629412489
tokens,flashback,flashback,1.5732000740329446,1.436783962613363,1.8857307978739482
tokens,double strike,double strike,0.8421247455117526,0.7739391230355369,0.7408492228347214
tokens,ward,ward,1.0272071071626874,1.1528545755856745,1.1029232182082205
tokens,landfall,landfall,1.6379789006107717,2.0457376481252103,2.3427895165015538
tokens,kicker,kicker,0.6292800296131779,0.8642309549554064,0.5850040306926502
tokens,crew,crew,1.0457153433277808,1.5753216521558278,1.3124963411773032
tokens,landwalk,landwalk,0.14806588932074774,0.26005139594812,0.07550654773162144
tokens,surveil,surveil,0.27762354247640203,0.4996061301466345,0.1962321538791652
tokens,investigate,investigate,3.090875439570609,5.9743024402472855,7.554837124538986
tokens,food,food,3.4055154543771975,6.761336294651119,8.85521528661394
tokens,partner,partner,0.6385341476957246,1.267750555247085,0.7189538807051225
tokens,fight,fight,0.4349435498796964,0.8730296863972599,0.40639410588948455
tokens,morph,morph,0.15732000740329447,0.3341358052589216,0.09093801418203958
tokens,shroud,shroud,0.027762354247640203,0.06501284898703001,0.007078738849839511
counters,cast,cast,16.012409020403293,0.8037888287583139,14.355808558064867
counters,flying,flying,16.978880801813627,0.9832973747803654,16.836487772388384
counters,counter,counter,69.83653501968739,4.6402935232297375,150.43725830944
counters,sacrifice,sacrifice,9.557332060613293,0.6770943007316872,7.864321410315052
counters,create,create,14.4254862188283,1.0334045490795687,14.664445461292926
counters,exile,exile,8.984608041999762,0.6670484883371899,7.338002201256989
counters,destroy,destroy,3.269299606252237,0.37510181710365453,2.0023007321746427
counters,discard,discard,3.531798114783439,0.5545750390294915,2.6301228213359007
counters,shuffle,shuffle,2.4698723302708507,0.4156063612772436,1.5922659131419432
counters,haste,haste,6.395418207851092,1.0761594668821381,6.634485729576976
counters,trample,trample,9.652786063715547,1.7452648061698812,12.752148060044952
counters,reveal,reveal,3.173845603149982,0.6365376922946668,2.532199149756916
counters,tap,tap,3.269299606252237,0.6842304128662481,2.7043064820002853
counters,enchant,enchant,1.181243288390407,0.24929283183035325,0.5897857149798823
counters,activate,activate,3.7585013721512945,0.8219317143175398,3.40747424667141
counters,untap,untap,2.1835103209640856,0.5437416993203783,1.6100952513473177
counters,vigilance,vigilance,6.598257964443384,1.7600895277697224,8.753801011117446
counters,first strike,first strike,3.197709103925546,1.1675873076467376,3.4552831001945474
counters,lifelink,lifelink,4.534065147357117,1.7435389571650157,5.986921775706376
counters,flash,flash,1.5630593007994273,0.6842528561672173,1.2929560553544583
counters,equip,equip,1.384083044982699,0.6073589160094351,1.0786606958180784
counters,reach,reach,2.875551843455435,1.2968916317184225,3.2747115071457733
counters,indestructible,indestructible,4.199976136499224,1.9508128192056122,5.866169711559906
counters,play,play,1.1335162868392792,0.5452146179416607,0.8369731195562564
counters,deathtouch,deathtouch,2.708507338026488,1.3183988783359712,3.1099501591582133
counters,mill,mill,0.8829495286958597,0.4403477229700041,0.5859138398100485
counters,scry,scry,0.9187447798592053,0.4777669028530471,0.6350426808315865
counters,menace,menace,3.0187328481088174,1.6410541523911795,3.867106535723452
counters,cycling,cycling,0.4056795131845842,0.22765101591248288,0.19356100695210599
counters,double,double,13.757308197112517,8.717694785825081,40.61947412794881
counters,protection,protection,1.5153322992482998,1.0064974889088956,1.5202472558596811
counters,attach,attach,1.1335162868392792,0.7894957146362083,1.0071697029912021
counters,treasure,treasure,0.9545400310225509,0.6817356626256172,0.7881377921300867
counters,defender,defender,0.2982937596945472,0.22376013310639326,0.14110276491934948
counters,hexproof,hexproof,1.7778308077795013,1.3997160809137252,2.1033444690473875
counters,regenerate,regenerate,0.6204510201646581,0.5617349800035988,0.46502171916695995
counters,flashback,flashback,0.4653382651234936,0.4249876208089727,0.3033590155799513
counters,double strike,double strike,9.4857415582866,8.71769478582508,28.007356402185
counters,ward,ward,1.5630593007994273,1.7542519461491328,2.0702435417181673
counters,landfall,landfall,1.7778308077795013,2.2204043129708326,2.64914944669095
counters,kicker,kicker,1.2647655411048802,1.7369842994313132,1.666893952820451
counters,crew,crew,0.7636320248180408,1.150376219160423,0.8190380551974301
counters,landwalk,landwalk,0.1789762558167283,0.3143399562196543,0.1003448787609747
counters,surveil,surveil,0.14318100465338265,0.25766585573867234,0.07267981975371517
counters,investigate,investigate,0.47727001551127546,0.9225073847433947,0.45840471540440936
counters,food,food,0.7397685240424771,1.4687420563074864,0.8965378188283761
counters,partner,partner,0.9903352821858967,1.966219204411635,1.3886673305924824
counters,fight,fight,1.3124925426560077,2.6344682045075793,2.1303125467784576
counters,morph,morph,0.04772700155112755,0.10136854402122186,0.015195526595948097
counters,shroud,shroud,0.15511275504116454,0.3632372827427117,0.09348516970493964
graveyard,cast,cast,35.72094468614046,1.7931153429086093,47.83293713943848
graveyard,flying,flying,16.625233064014918,0.9628165847781561,16.31321362913012
graveyard,counter,counter,11.20261031696706,0.7443582371667555,9.665186277927585
graveyard,sacrifice,sacrifice,15.180236171535114,1.0754519493851158,15.742512029927774
graveyard,create,create,15.490988191423243,1.1097343565349116,16.31881574014097
graveyard,exile,exile,48.3064014916097,3.5864349275291936,91.48210819252931
graveyard,destroy,destroy,4.024238657551274,0.46171945514552254,2.7344678141007988
graveyard,discard,discard,8.079552517091361,1.2686790147351088,9.100456672765675
graveyard,shuffle,shuffle,3.4027346177750153,0.5725794550402947,2.5748145810112955
graveyard,haste,haste,10.130515848353014,1.7046657748231604,13.226690191180012
graveyard,trample,trample,5.748912367930392,1.0394278256325122,5.861150295942899
graveyard,reveal,reveal,2.3617153511497824,0.4736590960775639,1.6254008908353714
graveyard,tap,tap,2.346177750155376,0.4910306071601324,1.644050651892618
graveyard,enchant,enchant,2.579241765071473,0.5443302746430301,1.902932123095722
graveyard,activate,activate,8.017402113113734,1.7532937760862877,10.616002491121302
graveyard,untap,untap,1.1031696706028589,0.2747133116675415,0.5782054294700992
graveyard,vigilance,vigilance,3.4648850217526417,0.924260293334477,3.331087000161665
graveyard,first strike,first strike,1.5382224984462398,0.5616549245576093,1.1527999387286816
graveyard,lifelink,lifelink,3.247358607830951,1.2487461155997515,3.6288358705091817
graveyard,flash,flash,1.4916096954630205,0.6529747104830118,1.2053228182346194
graveyard,equip,equip,0.6215040397762586,0.27272642437341016,0.32456939442478366
graveyard,reach,reach,2.4860161591050343,1.1212086335351303,2.632371401184877
graveyard,indestructible,indestructible,1.3673088875077688,0.6350902050094095,1.0896432780479515
graveyard,play,play,3.0609073958980733,1.4722783217017836,3.7140277939037385
graveyard,deathtouch,deathtouch,2.5637041640770666,1.2479141728178729,2.86391594449146
graveyard,mill,mill,8.188315724052206,4.083705882228166,16.547096803872005
graveyard,scry,scry,0.6836544437538844,0.35551490835580113,0.4076294470129775
graveyard,menace,menace,2.7656929770043504,1.5034957290094408,3.391212983177919
graveyard,cycling,cycling,1.0876320696084525,0.6103353448679136,0.8497012654638935
graveyard,double,double,0.9167184586699814,0.5809037358699466,0.6986956846960551
graveyard,protection,protection,0.6836544437538844,0.45408949658172776,0.46068849792389166
graveyard,attach,attach,0.5904288377874456,0.4112345297927944,0.37862766919045576
graveyard,treasure,treasure,0.6525792417650715,0.46607426335367963,0.4455134459113204
graveyard,defender,defender,0.27967681789931637,0.20979494195254367,0.1281014295713863
graveyard,hexproof,hexproof,0.5593536357986327,0.44038852039176185,0.3711970022025063
graveyard,regenerate,regenerate,0.23306401491609696,0.2110081303818438,0.10705940326832253
graveyard,flashback,flashback,12.430080795525171,11.352237414543195,41.88077253853561
graveyard,double strike,double strike,0.6525792417650715,0.5997408445419047,0.5053765291469084
graveyard,ward,ward,0.7613424487259167,0.8544694828150791,0.703766066959914
graveyard,landfall,landfall,0.6836544437538844,0.8538434978459839,0.6317216758826745
graveyard,kicker,kicker,0.6215040397762586,0.8535516853039996,0.5741942881385463
graveyard,crew,crew,0.5748912367930391,0.8660469780166973,0.5350032422312065
graveyard,landwalk,landwalk,0.2952144188937228,0.5184916126834632,0.21257316229121573
graveyard,surveil,surveil,1.6003729024238658,2.880001117482633,2.715923403063759
graveyard,investigate,investigate,0.32628962088253577,0.6306798563635109,0.25912405980413633
graveyard,food,food,0.8234928527035427,1.6349689754641015,1.0529665917199726
graveyard,partner,partner,0.1709136109384711,0.33933318358688896,0.09956112963796272
graveyard,fight,fight,0.2486016159105034,0.49899944679310737,0.17561191520938635
graveyard,morph,morph,0.09322560596643878,0.19800414095133478,0.041483209656567335
graveyard,shroud,shroud,0.0,0.0,0.0
voltron,cast,cast,10.707138092061374,0.5374755275989559,7.849694433931826
voltron,flying,flying,8.505670446964643,0.49258861752265193,5.969675687541029
voltron,counter,counter,6.470980653769179,0.4299647685579643,4.243131944713108
voltron,sacrifice,sacrifice,6.237491661107405,0.4418984323043637,4.1464001204456205
voltron,create,create,11.924616410940628,0.8542486997083587,11.02139533790086
voltron,exile,exile,4.352901934623082,0.32317454938458107,2.4745569836959427
voltron,destroy,destroy,4.553035356904603,0.5223907385074137,3.2907793031725645
voltron,discard,discard,2.3182121414276184,0.3640136120548594,1.3986594633918856
voltron,shuffle,shuffle,2.868579052701801,0.4826968938911831,1.9929852055141515
voltron,haste,haste,5.637091394262842,0.9485555240419761,5.490178375533049
voltron,trample,trample,5.737158105403602,1.0373026049371528,5.843183869986921
voltron,reveal,reveal,2.401601067378252,0.4816584649625507,1.6667500105363968
voltron,tap,tap,4.803202134756504,1.005260262307976,4.8158186165907795
voltron,enchant,enchant,57.73849232821882,12.18529019346231,201.55026688277354
voltron,activate,activate,3.7858572381587727,0.8279140598371577,3.4447432831907836
voltron,untap,untap,5.403602401601067,1.3456148679897026,6.268213415375746
voltron,vigilance,vigilance,4.452968645763843,1.1878322313451757,4.853188836444828
voltron,first strike,first strike,4.10273515677118,1.498041672959384,5.021522700913358
voltron,lifelink,lifelink,3.5857238158772518,1.3788617850496823,4.210534240363764
voltron,flash,flash,3.835890593729153,1.6792191399019358,4.970726863079896
voltron,equip,equip,27.768512341561042,12.185290193462311,96.93275400341362
voltron,reach,reach,1.684456304202802,0.7597001910738846,1.468185286407539
voltron,indestructible,indestructible,2.284856571047365,1.0612744796594638,2.3538175870225038
voltron,play,play,0.7671781187458305,0.36900812962427004,0.4660303218683133
voltron,deathtouch,deathtouch,1.5010006671114078,0.7306303247245889,1.2830090862676873
voltron,mill,mill,0.66711140760507,0.3327041691047729,0.3847932886130959
voltron,scry,scry,0.66711140760507,0.3469121763263291,0.392923622126252
voltron,menace,menace,1.4843228819212808,0.806912817870644,1.3333423994744453
voltron,cycling,cycling,0.2835223482321548,0.15910133125104395,0.11308999997475873
voltron,double,double,1.95130086724483,1.236495188755499,2.16980373777388
voltron,protection,protection,3.135423615743829,2.0825768694281033,4.524772469161981
voltron,attach,attach,17.494996664442965,12.18529019346231,61.0705459156642
voltron,treasure,treasure,0.9339559706470981,0.667034458293147,0.7627821784240696
voltron,defender,defender,0.7004669779853235,0.5254437249747608,0.5077509810263797
voltron,hexproof,hexproof,2.1347565043362238,1.6807296818568698,2.7675614996905686
voltron,regenerate,regenerate,1.0673782521681119,0.9663674998532684,1.0492754400575117
voltron,flashback,flashback,0.016677785190126748,0.015231612741827884,0.002058312542789826
voltron,double strike,double strike,1.5677118078719146,1.4407764505477445,1.8817612888838886
voltron,ward,ward,0.9839893262174783,1.1043504169190108,1.034055472119786
voltron,landfall,landfall,0.26684456304202797,0.33327289418016565,0.15404881253495975
voltron,kicker,kicker,0.18345563709139426,0.2519514889625665,0.09208513425442327
voltron,crew,crew,0.23348899266177453,0.3517403354813862,0.13847695278751995
voltron,landwalk,landwalk,0.18345563709139426,0.3222071926155899,0.10413546878932492
voltron,surveil,surveil,0.11674449633088727,0.21009121023210878,0.053510666119039416
voltron,investigate,investigate,0.18345563709139426,0.35459839187324177,0.10924446492036514
voltron,food,food,0.20013342228152103,0.3973464193520318,0.126154943596259
voltron,partner,partner,0.11674449633088727,0.2317854112886852,0.05620558400359986
voltron,fight,fight,0.2501667778519013,0.5021410794009192,0.17727296588827113
voltron,morph,morph,0.016677785190126748,0.03542235521355321,0.003138897200731166
voltron,shroud,shroud,1.5677118078719146,3.6712092249533876,3.0037985091806574
infinite_combo,cast,cast,21.374678716524333,1.072963346661228,22.14073524430325
infinite_combo,flying,flying,15.247491916093193,0.8830275062345567,14.327998513661173
infinite_combo,counter,counter,16.50775225934831,1.0968587698479135,17.288738225218136
infinite_combo,sacrifice,sacrifice,18.290357350136805,1.2957901474576219,20.820421980122507
infinite_combo,create,create,22.435950584528648,1.6072535126555707,28.443737801181644
infinite_combo,exile,exile,13.705331232899429,1.0175313645659292,13.824945838046665
infinite_combo,destroy,destroy,3.9548959456098167,0.4537634460962469,2.66409566150587
infinite_combo,discard,discard,4.543570184893459,0.7134469555531286,3.837762417310546
infinite_combo,shuffle,shuffle,4.709393914269132,0.7924515144132787,4.192290491688744
infinite_combo,haste,haste,8.548213249315976,1.4384111115494547,10.252195105015273
infinite_combo,trample,trample,4.303125777298732,0.7780234562404782,3.795599542739667
infinite_combo,reveal,reveal,3.1009037393250973,0.6219086739124611,2.4454094816320344
infinite_combo,tap,tap,3.7807810297653592,0.7912781563384315,3.3631490393476553
infinite_combo,enchant,enchant,2.702926788823481,0.5704331021716059,2.0414401049859374
infinite_combo,activate,activate,5.76237459580466,1.2601507784893022,6.468636442995282
infinite_combo,untap,untap,8.042450874720172,2.0027456995899113,11.381547644493663
infinite_combo,vigilance,vigilance,4.195340353204544,1.119109719701291,4.438165909857917
infinite_combo,first strike,first strike,1.2188044109112013,0.44502502086159473,0.8130668075623046
infinite_combo,lifelink,lifelink,2.727800348229832,1.0489540886458746,2.7937711002334678
infinite_combo,flash,flash,2.644888483541995,1.1578399477113768,2.845978601334853
infinite_combo,equip,equip,2.9931183152309098,1.3134306514457417,3.4302633090857433
infinite_combo,reach,reach,1.0363983085979604,0.46742203469810356,0.7085675942151276
infinite_combo,indestructible,indestructible,3.5154630627642818,1.632868898631575,4.492190837147463
infinite_combo,play,play,3.2252715363568525,1.5513364994130396,4.01716147535499
infinite_combo,deathtouch,deathtouch,2.6780532294171295,1.3035749706922302,3.0576460568230575
infinite_combo,mill,mill,2.935080009949424,1.4637935205934114,3.551075081187635
infinite_combo,scry,scry,1.0944366138794461,0.5691304079706333,0.8256509953261967
infinite_combo,menace,menace,1.434375259099577,0.7797601157410149,1.2666111138831901
infinite_combo,cycling,cycling,0.8539922062847193,0.4792260565881754,0.5911859702485429
infinite_combo,double,double,1.542160683193765,0.9772323156651003,1.5245038896535996
infinite_combo,protection,protection,1.1193101732857973,0.7434559926434564,0.9651128192866224
infinite_combo,attach,attach,1.2934250891302546,0.9008724240907892,1.2276453623146377
infinite_combo,treasure,treasure,3.2003979769505015,2.2857348718468673,4.838568728086936
infinite_combo,defender,defender,0.7130420363153968,0.5348766971181913,0.5214851820680723
infinite_combo,hexproof,hexproof,0.7544979686593152,0.5940289340965037,0.5815162757395638
infinite_combo,regenerate,regenerate,0.31506508581377995,0.2852490751525676,0.16827221119760832
infinite_combo,flashback,flashback,0.7296244092529641,0.6663568526656165,0.5955973939533348
infinite_combo,double strike,double strike,0.655003731033911,0.601969026421769,0.5081955369594994
infinite_combo,ward,ward,0.862283392753503,0.9677574734984513,0.8482683998976087
infinite_combo,landfall,landfall,2.1557084818837575,2.6923509198610764,3.5371694303219168
infinite_combo,kicker,kicker,0.1989884752508084,0.2732837399858988,0.10402430442885746
infinite_combo,crew,crew,0.339938645220131,0.5121017986746068,0.2432644740343686
infinite_combo,landwalk,landwalk,0.11607661056297155,0.2038679182106344,0.05241060370886994
infinite_combo,surveil,surveil,0.32335627228256364,0.5819058946251464,0.24666507796142628
infinite_combo,investigate,investigate,0.6881684769090457,1.3301495615980319,0.7936792253387736
infinite_combo,food,food,1.0612718680043114,2.1070572416304074,1.540511054940455
infinite_combo,partner,partner,0.8291186468783682,1.6461384700237558,1.0637752084387087
infinite_combo,fight,fight,0.3979769505016168,0.7988293938049348,0.355700878938595
infinite_combo,morph,morph,0.5389271204709394,1.1446404710165188,0.5765866566912824
infinite_combo,shroud,shroud,0.5306359340021557,1.242623501474343,0.591515920516701
